id,condition,AvgVelcoity,MaxVelocity,AvgAccel,MaxAccel,AvgArea,COGZ,PathLengthDifference,RangeX,RangeY,RangeZ,TimeElapsed,NrPks,ManipLinear,ManipCombined,NormRange
1,A,0.286407502,5.913139802,3.58778743,88.3391688,0.100915525,0.244419334,0.082405171,0.066692281,0.046856114,0.026786976,30.35802031,342,0.065161416,0.065193515,0.085795675
1,B,1.67507971,9.548375837,11.5217172,63.78483282,0.118921201,0.258951293,0.180167795,0.254059659,0.267176686,0.026598062,7.550008059,57,0.083137274,0.066063302,0.369644625
1,C,0.497933342,9.395326283,4.708242852,182.0558134,0.106951679,0.256208075,0.163424229,0.25644047,0.258531304,0.022439099,19.45003152,129,0.067885837,0.062609603,0.364833747
1,D,1.185149072,9.53807878,12.03095307,226.1685773,0.100499376,0.25761042,0.825443604,0.32255408,0.235812495,0.03313398,29.6096704,230,0.062020782,0.056691233,0.400932074
1,E,1.224340993,9.60038945,14.88058156,319.7073436,0.105560796,0.258726549,0.326853766,0.283647701,0.267436506,0.015349757,21.1069355,225,0.066514252,0.062430168,0.390146022
1,F,0.078279317,1.258368495,0.859261733,26.40283873,0.099958116,0.276944222,0.090935605,0.194598581,0.089149379,0.29069153,38.12287736,242,0.054220994,0.056201486,0.360995547
1,G,0.456673817,8.529958483,5.902404577,387.5692446,0.104858264,0.246315131,0.266249357,0.254921764,0.258612978,0.031758539,53.62283897,612,0.06888022,0.063566239,0.364519386
1,H,2.178235679,9.727941016,51.37809571,460.5617466,0.108643792,0.243759567,0.11207012,0.259861492,0.229688155,0.015096921,3.699593306,52,0.074525123,0.061587881,0.34714919
2,A,2.402162673,10.52807278,53.68873419,541.1929583,0.15097599,0.323374856,8.524736349,0.183011465,0.675244956,0.370101003,68.64470124,1050,0.094077168,0.055136322,0.79146933
2,B,1.462207414,9.854689241,16.89532221,476.0241116,0.159301578,0.335448345,1.459295039,0.117217926,0.628773558,0.364421608,19.61985421,326,0.099988324,0.058119086,0.736138124
2,C,1.133524117,9.693459826,12.42947095,118.4103848,0.171179552,0.356574132,0.796535923,0.093604817,0.32022,0.3070906,8.509245396,155,0.100824238,0.045208036,0.453439463
2,D,0.700706271,10.06366971,7.838725924,483.7913808,0.156084736,0.351351938,7.368266931,0.420147178,0.853366627,0.381244288,54.90242934,897,0.096195704,0.041325491,1.024746534
2,E,1.630401701,10.03250573,35.47968553,650.0513883,0.142031215,0.309287718,4.02815227,0.132960823,0.624703366,0.392349452,67.45177031,1134,0.089382612,0.065972876,0.749580529
2,F,1.949570139,10.17111693,51.53613208,529.3323876,0.160848485,0.339541323,4.078544933,0.207048186,0.805757166,0.383418509,44.26926851,760,0.100948918,0.056767926,0.916036743
2,G,0.933315891,9.767493755,11.51204074,454.3893826,0.133944572,0.282435712,2.09839886,0.121593171,0.382976356,0.37963196,47.4144783,794,0.091651689,0.055174303,0.552789484
2,H,1.799333836,10.17042334,31.32706409,562.2182244,0.160627209,0.332135285,4.479498395,0.232263397,0.790158715,0.4163193,24.53646302,432,0.096103259,0.063992753,0.922831968
3,A,1.522308755,9.960387177,44.1699229,815.769193,0.15021173,0.331737263,2.312189607,0.28953311,0.604662605,0.528122248,25.93162489,433,0.095973191,0.043270548,0.853439744
3,B,1.516174771,9.761201637,19.52891104,507.3908551,0.156835925,0.336161192,0.597614196,0.214535046,0.483999761,0.352102316,10.27049398,177,0.105970087,0.046608118,0.635812154
3,C,0.829392859,9.596932815,10.08137134,506.3835066,0.150741091,0.316581366,0.917137654,0.206239442,0.509966479,0.334845507,18.39979124,316,0.101656225,0.057372462,0.643989154
3,D,1.439939945,9.539427482,17.00109027,503.4868125,0.181953144,0.367675118,1.304599118,0.25153252,0.531816623,0.303867095,22.2141304,378,0.115173998,0.041900618,0.662142538
3,E,1.02668894,9.523451128,12.99656103,523.1132851,0.146453167,0.310633893,0.897800236,0.221452441,0.51128028,0.372714644,20.1695888,338,0.095104831,0.055176546,0.670346861
3,F,2.999025558,9.939977984,75.45058852,1030.608217,0.152948898,0.326572436,1.679616456,0.250812392,0.541432858,0.421474307,20.09201503,327,0.101261308,0.054958963,0.730545678
3,G,1.027717068,9.487819555,11.08257258,323.5868164,0.15410019,0.335770306,0.934855711,0.187333653,0.505863158,0.322695175,23.94783306,408,0.100215852,0.046743718,0.628588585
3,H,1.539842479,9.514926026,21.39683946,437.3162685,0.147808529,0.332169493,0.988668431,0.211064721,0.482405413,0.372911038,8.824737549,143,0.10147198,0.04405046,0.645233245
4,A,0.669408041,3.859164056,8.931583012,65.45614565,0.16128122,0.335845225,0.817987834,0.198475079,0.502452556,0.3417119,21.35624337,375,0.103700992,0.058348115,0.639232313
4,B,0.639050461,3.538551788,9.554177161,122.0028896,0.196240635,0.388554047,1.87646612,0.191694947,0.547354745,0.397186285,28.21277809,480,0.107513407,0.054450401,0.702923263
4,C,2.621814272,9.904964879,52.64664495,534.8042884,0.167850545,0.347100892,0.82855122,0.229413685,0.521483608,0.314825125,8.866025686,133,0.105722425,0.062463919,0.650915242
4,D,1.401908887,9.690649919,18.69206845,496.6633105,0.153774556,0.355908046,1.975325411,0.229457183,0.580250001,0.34497575,31.98812866,523,0.081627862,0.054797272,0.712985926
4,E,1.539696022,9.58311092,17.35277969,471.2046135,0.157036956,0.363397863,1.719640246,0.214353937,0.524743491,0.275813443,34.68275428,634,0.082106015,0.040714509,0.63037798
4,F,0.661964843,3.733077556,10.4267545,66.23063001,0.161798045,0.372756999,0.157680092,0.113321366,0.174300658,0.247302884,6.775755405,117,0.082480215,0.027213903,0.323080745
4,G,1.348453758,9.586195352,14.96564867,128.6340032,0.165299249,0.357478298,1.349370687,0.205182059,0.5420742,0.273404345,26.56659532,467,0.097327922,0.049208335,0.640854158
4,H,1.640389863,9.195141822,28.84525918,477.0582257,0.190634586,0.380083622,0.517217818,0.078198785,0.151715063,0.172410135,4.321554422,83,0.0988912,0.054831795,0.242606194
5,A,2.316385521,10.13961974,58.92589581,551.4652862,0.164812775,0.338349538,1.908384936,0.35915397,0.68040394,0.365501912,27.51529288,415,0.106991642,0.053527981,0.851782098
5,B,2.779398713,9.851861633,60.95621661,511.2161245,0.154314572,0.327904072,1.020488482,0.210155711,0.556643044,0.332279243,15.66182017,238,0.106739462,0.057528343,0.681488369
5,C,2.043027293,9.929517388,41.5813874,593.3659419,0.148021298,0.317675094,0.962374119,0.246484636,0.541827898,0.374906059,15.51269054,237,0.107875959,0.056209137,0.703481841
5,D,2.662256086,9.829440605,87.891014,505.8589404,0.16010533,0.411586624,0.111258213,0.163658002,0.180821468,0.1249583,2.394819021,37,0.078206364,0.016859117,0.274034526
5,E,2.306228387,10.15959924,42.57900645,491.9312301,0.159185618,0.369821234,1.803567066,0.264462464,0.595835733,0.301590428,38.40839887,600,0.092859892,0.034456721,0.718273904
5,F,2.317688716,9.768105311,45.73513583,437.4832574,0.166175017,0.334953314,0.965722848,0.250464716,0.546262245,0.392700923,16.07344913,237,0.123671108,0.050711877,0.717878143
5,G,1.961988782,9.594131503,34.04317333,876.3210685,0.154592647,0.331815085,1.729541971,0.293412765,0.630625378,0.466525326,21.54784346,340,0.103538316,0.054150852,0.837511372
5,H,1.667150365,9.831587225,28.59310333,497.8516378,0.16107981,0.346352162,1.272725644,0.180579481,0.563516564,0.379582483,8.797258139,149,0.105541362,0.047740204,0.703023988
6,A,1.680371283,10.32190628,44.33119669,811.536986,0.163417549,0.343749867,3.581516759,0.239733541,0.658088401,0.397923684,49.79491782,795,0.091872863,0.06198239,0.805540671
6,B,0.722856613,9.54192699,8.40568831,148.0772187,0.163566938,0.347484844,1.792246578,0.21411269,0.564902997,0.348677899,47.27414942,845,0.097865238,0.04620718,0.697521267
6,C,2.034693171,10.84874751,36.51336699,510.6260267,0.164131781,0.335129637,1.073787261,0.203751609,0.561987036,0.299312464,16.13511395,274,0.107909901,0.053658849,0.668529803
6,D,1.957857662,10.00301535,28.05647785,538.0902843,0.165445464,0.355687625,1.976714263,0.227159979,0.609434851,0.336870553,35.37706923,602,0.09488425,0.046317338,0.732457687
6,E,1.528931374,9.80791084,22.64550891,511.4020081,0.167987411,0.354989312,1.716788728,0.240592937,0.572725206,0.321242414,39.43526626,729,0.101913967,0.043546239,0.699353853
6,F,2.826536734,9.988640669,36.73557291,477.3024428,0.166637144,0.345359044,0.738058608,0.204045495,0.518632946,0.28584691,13.73099542,245,0.106026239,0.045953869,0.626357049
6,H,2.357515479,9.724422529,26.75530237,485.5530351,0.166060649,0.356661233,1.584029313,0.24546288,0.514703383,0.336376778,16.49021411,239,0.102691584,0.041011039,0.662058105
7,A,2.215980147,10.18727645,38.00037397,545.3810516,0.174915737,0.359906754,2.500234106,0.2121371,0.556787362,0.440643377,33.47676468,567,0.115837938,0.051560493,0.741067407
7,B,2.700215332,9.818477834,55.90500806,623.4749291,0.182660694,0.361571057,1.77138377,0.190215809,0.553150642,0.443604309,14.5076139,240,0.112661033,0.054123988,0.734127012
7,C,2.190639321,10.0237019,40.67869671,813.5809329,0.173574139,0.362033125,1.676563913,0.272849767,0.555765832,0.373683031,26.59067273,451,0.106517785,0.041398723,0.723160883
7,D,2.603321248,10.05619535,58.96892211,527.74137,0.159133473,0.34848575,1.983918627,0.206269721,0.624405645,0.358445413,27.25606799,434,0.106954149,0.044518201,0.748941066
7,E,2.032070701,9.883674778,34.02932806,480.2218152,0.170214634,0.361519922,1.995796203,0.224563957,0.553981265,0.346062659,34.07358432,532,0.1003766,0.042056085,0.690712369
7,F,2.544336897,9.915028873,52.71787306,492.4716723,0.177008397,0.363886629,2.136049298,0.232802162,0.544927968,0.434012714,23.71405602,355,0.112433057,0.051689314,0.734513699
7,G,1.929590038,9.971236425,32.86970542,581.4949874,0.187983215,0.361621411,2.311531133,0.238601524,0.543745812,0.506920529,41.28249049,673,0.116037199,0.048403889,0.78074235
7,H,1.615034217,9.968196005,25.50798215,522.2354893,0.169791901,0.367977965,2.098328992,0.232028465,0.52808028,0.421975394,28.22007561,439,0.103984318,0.044884072,0.714681204
8,A,0.47847791,0.623677158,1.448691671,4.504144467,0.171270786,0.404840615,0.002567083,0.128711138,0.038832779,0.133353626,1.010865688,15,0.088538221,0.022837939,0.189361378
8,B,0.848419401,10.08474105,11.93396543,578.1129703,0.161097969,0.337799877,2.554262797,0.21389678,0.669043508,0.389684198,49.14767265,846,0.096463798,0.050271213,0.803258876
8,C,1.595079961,9.586094631,19.66604544,377.2385814,0.165205972,0.341427709,0.932502457,0.148459598,0.544757226,0.387258165,18.44092107,267,0.100182231,0.051002439,0.684667491
8,D,1.094794155,9.403961619,13.0876261,506.3905987,0.165150404,0.331205365,1.177824013,0.179932845,0.584155948,0.369530234,22.42240882,367,0.102431147,0.055229442,0.714259473
8,E,0.610395316,9.650755867,7.298815448,462.9185164,0.152950267,0.331583792,8.428212522,0.386328424,0.763459482,0.413978412,123.4314592,2058,0.092470453,0.04971578,0.950525201
8,F,2.240926034,9.348399169,28.09308085,506.0813079,0.150583179,0.307230101,0.779972852,0.199646756,0.537043481,0.365578911,10.85456371,189,0.101024537,0.059057824,0.679648782
8,G,1.738134183,10.09432562,26.0070333,531.4090473,0.149244601,0.317195284,2.428293586,0.220739888,0.550211752,0.341331926,49.1462667,845,0.095944568,0.054234242,0.684080809
8,H,1.526443323,10.72408326,33.24148212,698.4802898,0.165493781,0.337766365,1.396860742,0.229533124,0.582342963,0.359465425,26.61849761,450,0.10773388,0.053291431,0.721820042
9,A,2.001338007,9.921735469,43.21552565,500.940122,0.170447019,0.351927053,1.183632375,0.214806067,0.538355905,0.362435649,16.11768413,270,0.118225823,0.040194764,0.683614165
9,B,1.610817011,9.545347107,22.03010796,544.7898752,0.158857802,0.347763268,1.612828173,0.189730187,0.457096963,0.391977756,7.33804369,116,0.107733623,0.040038719,0.631333302
9,C,1.560991114,9.580540456,21.15352827,478.4804873,0.161679355,0.33163848,0.830344501,0.233498456,0.49730015,0.392324678,8.551087379,154,0.117112703,0.048935182,0.675090825
9,D,2.25885445,10.15479308,42.60157231,506.1210857,0.177098183,0.349227251,1.578373605,0.266324443,0.559750273,0.345901197,23.13513589,381,0.121159835,0.04935131,0.709856828
9,E,2.293969439,10.45913554,42.45756693,693.1339055,0.179458657,0.359516258,1.752654386,0.278200738,0.562603708,0.362894477,28.04278874,438,0.116595899,0.050822187,0.724990334
9,F,2.552274797,10.12777131,48.26279937,513.5952327,0.164635988,0.337078767,0.917568926,0.194744674,0.554790543,0.348324106,9.956605911,178,0.119155277,0.04874601,0.683408895
9,G,1.661248091,9.661446286,29.78631951,505.8723724,0.199905312,0.379285242,0.149543691,0.087025987,0.079821431,0.140722057,6.347556591,103,0.126101012,0.046571753,0.183705419
9,H,2.787483378,9.57406718,65.71120886,514.8450633,0.17406684,0.363556188,2.077811846,0.26837179,0.491230111,0.387028027,8.840028524,138,0.114659807,0.040897225,0.680530038
10,A,2.792554252,10.06626702,45.40852214,605.3894109,0.216560753,0.380585589,2.59783429,0.337999478,0.596525515,0.507068376,35.56423759,627,0.1147638,0.075789457,0.852762965
10,B,1.932575942,10.11776284,27.92217996,496.2261112,0.150052544,0.337624425,2.233359648,0.271420897,0.604757281,0.465786223,40.42802167,712,0.090066123,0.052784251,0.810158921
10,C,3.553180421,10.23999629,65.76041049,819.1048729,0.181263587,0.347019461,1.804515654,0.251957194,0.54962611,0.401246724,28.22060561,467,0.11571245,0.064676003,0.725651585
10,D,2.80138385,9.877847528,58.19692503,571.4729903,0.153716457,0.331436666,0.970693865,0.138942366,0.546853413,0.31847041,23.19240093,417,0.09321826,0.064620483,0.647902029
10,E,2.872664476,9.991272019,72.63243942,597.3942656,0.153292304,0.329012923,1.160033898,0.170486856,0.548809745,0.30152518,22.75273013,417,0.093158772,0.060037493,0.64898023
10,F,2.19002349,9.952996552,49.28470868,613.3467438,0.196541238,0.361133601,2.809597322,0.27824704,0.582533763,0.560451567,22.79278517,436,0.110169807,0.078488753,0.854911083
10,G,1.460737706,9.925461389,30.14351347,521.0675754,0.16509614,0.340481924,1.278878225,0.158161192,0.554432721,0.337763288,34.74678302,580,0.10105825,0.065139463,0.668202547
10,H,2.268661898,9.763068672,42.51656859,498.7800817,0.177639251,0.365050539,1.700257174,0.250738637,0.553794517,0.377875586,12.64959645,222,0.112601571,0.06369169,0.715785016
11,A,0.630733276,7.837839777,8.209404986,106.0835711,0.148361562,0.325748045,1.429049453,0.221932469,0.472664067,0.324304657,24.41080499,393,0.09004434,0.06386259,0.614685978
11,B,0.487294534,2.297354035,6.585311289,62.8453274,0.153690649,0.332552713,0.807211116,0.194117126,0.458320845,0.301214411,12.10505557,183,0.092640001,0.064589815,0.581781382
11,C,0.414350205,2.075475338,5.577109222,61.93361956,0.160249207,0.338915058,0.844927832,0.195834016,0.444831268,0.302392183,13.96873617,220,0.099285977,0.066762788,0.572421917
11,E,0.426445717,4.843583827,5.863363851,112.7111861,0.16432102,0.34648414,1.292691283,0.223481281,0.456914736,0.312875671,25.51611352,403,0.10085441,0.059334479,0.59716509
11,F,1.17669429,4.166121809,14.2511486,61.83289382,0.17492146,0.352056295,0.671106997,0.084773823,0.313438195,0.264606332,5.540521383,87,0.101725716,0.053128242,0.418863479
11,G,0.462799125,2.544782052,5.775215514,111.9356277,0.171582203,0.349205148,1.037277252,0.200984365,0.471413171,0.327226588,14.23127794,214,0.110986069,0.062684869,0.608031523
11,H,0.817077169,6.650780901,9.521551895,104.4102734,0.175597965,0.349091466,1.040539904,0.234105431,0.487938192,0.331721487,8.613332748,151,0.114761791,0.069763922,0.634766238
12,A,2.516548227,9.993004515,58.75399415,781.5975748,0.158846577,0.341402941,2.835855404,0.250073844,0.429836135,0.385263344,34.08894944,585,0.110303526,0.041163925,0.629065875
12,B,1.707078366,10.02623719,29.24323775,896.6368789,0.182334578,0.362942431,3.803629172,0.22651449,0.655239711,0.516957462,78.77513671,1382,0.100375592,0.069874028,0.86480802
12,C,5.524510207,9.896106662,45.37769893,449.628193,0.210480531,0.393556536,0.310716893,0.111218638,0.108868879,0.323785079,1.905935764,31,0.121679252,0.044400382,0.359247541
12,D,2.103264737,9.880562289,40.63944552,529.0910975,0.139898547,0.323786314,1.155438086,0.261245268,0.231719074,0.383601347,13.16808581,224,0.091036572,0.046179922,0.518741567
12,E,1.878138903,9.959062854,32.30428858,609.8561832,0.162262606,0.352564867,3.038710072,0.25014005,0.546305801,0.639326161,62.66427374,1148,0.087182477,0.055768282,0.877358543
12,G,2.159414714,10.26176163,46.77640933,531.3149187,0.116010095,0.306734501,1.669546985,0.237032542,0.385019451,0.363890823,45.67599368,779,0.105667947,0.053626911,0.580379992
12,H,2.658789761,9.957621441,46.26494762,554.846931,0.124734143,0.307433769,1.539149392,0.230490766,0.390768763,0.409516598,27.95762348,469,0.101909009,0.063050076,0.611171058
13,A,2.504051926,10.17519073,53.32999024,569.5179917,0.162746648,0.338477928,1.225835981,0.222359713,0.506541919,0.340740463,15.58011436,269,0.09665748,0.05908299,0.64971734
13,B,2.389276111,9.8752629,48.21752332,467.727722,0.160484318,0.346910717,0.770633433,0.274201171,0.417309294,0.302171184,9.492046595,155,0.09741938,0.045182768,0.583644372
13,C,2.507556848,9.585818298,40.40369794,479.6184625,0.167064354,0.350684372,0.812227806,0.280973801,0.466777002,0.327200385,7.861412048,128,0.10766317,0.046184884,0.635521154
13,D,2.304905248,9.561490743,42.19230476,555.2807907,0.192446426,0.363416363,1.524000139,0.2951556,0.508200649,0.344279671,12.86658549,210,0.118473879,0.054456796,0.681111753
13,E,2.540090786,9.755123715,43.33458026,891.7242624,0.158017346,0.342776217,1.34021761,0.239512104,0.338619724,0.334271208,12.22648764,185,0.091857501,0.049866223,0.532697481
13,F,2.769213579,9.945710051,50.3274772,672.430196,0.160194624,0.340612453,0.810696358,0.274173921,0.451268827,0.318824565,8.412894487,130,0.106334865,0.048846548,0.616817637
13,G,1.226350413,9.596512947,18.62832914,521.9000374,0.166666662,0.35372001,2.208413296,0.293262839,0.485933671,0.324013698,28.08392882,506,0.105094957,0.04759526,0.653543803
13,H,2.434551421,9.836681832,39.64113577,449.8689323,0.157269636,0.34998726,0.977712754,0.268961253,0.460676192,0.311024575,8.609520197,139,0.098658927,0.041763916,0.617494126
14,A,2.185404787,10.10906494,46.75554548,713.8114726,0.125493042,0.29002814,5.701340787,0.896819503,1.102884423,0.576626855,55.60677338,957,0.103608555,0.074078715,1.533994069
14,B,1.704350447,9.963246079,32.99288289,586.6563921,0.164706261,0.329695662,1.379607847,0.267751796,0.480326236,0.335367493,28.60584259,531,0.106282148,0.058977497,0.644108433
14,C,2.061517714,9.830578427,37.23887575,537.6176264,0.160600118,0.336933568,0.949570635,0.295869348,0.485312376,0.333216261,15.70699549,270,0.104595674,0.05291871,0.658862543
14,D,2.593405813,10.12710298,60.2045928,578.0539556,0.149176073,0.314040884,3.178198016,0.29742294,0.652461974,0.310479694,40.4078269,661,0.100966428,0.057314657,0.781386379
14,E,2.290442386,9.742953552,42.87357502,533.0418625,0.15786397,0.342112887,1.210250984,0.289723221,0.469338908,0.329620044,27.90889835,476,0.096952777,0.051248201,0.642547997
14,F,2.546442273,10.04484755,57.15903176,1090.915715,0.154179147,0.33738614,1.253889651,0.259492187,0.522273613,0.305680215,21.56479168,367,0.097817659,0.047251916,0.65844234
14,G,2.572862315,10.2611395,53.98641523,736.6397911,0.165498001,0.345189947,4.671764846,0.296859222,0.652435602,0.626672128,46.0015173,770,0.095281184,0.04976253,0.952111111
14,H,2.803267733,10.55919334,52.17157652,567.7622472,0.159067586,0.332471706,0.901746277,0.30214373,0.455465346,0.339394411,15.24193573,260,0.103008349,0.056234228,0.643372428
15,A,2.004388706,10.09161173,38.39115117,714.5224758,0.169341376,0.320147717,1.925773501,0.240763001,0.514760139,0.388898057,32.62779737,534,0.116633551,0.078468823,0.688612025
15,B,1.977564583,9.794718197,38.78022625,492.7992181,0.177911683,0.342562591,1.76070932,0.251182156,0.542478615,0.534307609,13.4311378,221,0.117867552,0.057258784,0.801785597
15,C,2.996029919,9.66534591,64.72800498,453.4686111,0.172314779,0.3377798,0.888885699,0.260269018,0.485197623,0.356492096,5.358572245,82,0.112037889,0.055620504,0.655929348
15,D,2.158086756,9.559710556,32.42613947,516.0025862,0.183748165,0.346511066,1.537465256,0.289483458,0.489743196,0.428551626,12.10267067,222,0.122127665,0.056297403,0.712253864
15,E,2.98345346,9.972833709,67.552457,516.1403566,0.175509072,0.348836249,0.914126482,0.23002037,0.498112693,0.374556978,6.843765974,105,0.111854514,0.056402298,0.664318113
15,F,3.042561713,10.4787167,68.01647331,519.8911735,0.172514402,0.342722341,0.915633439,0.238537668,0.483184361,0.356767578,8.188510656,140,0.109743774,0.059240656,0.646258811
15,G,1.266063006,7.10513431,14.37675896,97.47788153,0.164685822,0.329400771,0.793368099,0.196033974,0.479402615,0.371088405,13.14887142,219,0.109703254,0.062394968,0.637152094
15,H,2.636199593,10.09341875,87.68401425,658.4927267,0.167067691,0.343860556,0.759417924,0.251596897,0.48537789,0.353908884,3.324420691,50,0.108370554,0.048916596,0.651263535
16,A,1.375585962,9.927773864,18.68661971,510.5335617,0.164013441,0.332377129,2.555032089,0.262329323,0.529106933,0.386107006,49.5625875,871,0.107916351,0.053860779,0.705584467
16,B,0.841056515,9.695480234,11.05828477,453.4210764,0.162392708,0.329580079,1.695042373,0.286607079,0.506702784,0.360264107,45.96819162,805,0.110798234,0.049772866,0.684603211
16,C,1.023103239,7.706689373,11.76991718,111.2726712,0.160715857,0.347536793,2.183466455,0.251505159,0.43634931,0.394942479,28.20609236,527,0.099409321,0.047027612,0.640027443
16,E,1.030498849,9.564325069,12.76102835,483.2298985,0.140078816,0.322515553,1.806855853,0.235491752,0.446178862,0.376440359,36.12299109,648,0.10314308,0.052932353,0.629475406
16,G,1.069470624,9.424826757,15.16756917,512.3302544,0.16100077,0.337786978,2.037451152,0.255562711,0.457444929,0.353879682,35.19550514,621,0.103679085,0.053102428,0.632296601
16,H,2.032518538,9.550104852,35.70153285,511.3507285,0.159417308,0.343807026,1.163940709,0.24836471,0.4662665,0.369073897,15.23276758,267,0.101133806,0.045753887,0.644441634
17,A,1.361138192,10.14003308,22.51223836,568.7369828,0.190352288,0.385563171,4.325189409,0.408300244,0.680668951,0.618416491,58.26913357,1001,0.104861718,0.037501761,1.006209852
17,B,1.464211664,9.936164952,22.64333233,601.1477233,0.195254929,0.364863538,1.744291337,0.257012722,0.543470865,0.536246131,11.73122931,211,0.124999089,0.054449896,0.805590487
17,C,1.078097372,9.36211435,16.1115398,465.1554573,0.173141801,0.347113438,1.037255971,0.235237482,0.537082351,0.379555901,7.400474548,119,0.119858971,0.051130233,0.69846747
17,D,1.362785396,9.86614241,19.07711228,576.9352372,0.153058273,0.374927658,3.694161289,0.387945874,0.620363049,0.609556365,40.74383235,720,0.075450918,0.050664673,0.952318894
17,E,0.470867962,9.898179932,6.06753066,492.1124946,0.185761716,0.378986175,2.752392016,0.292546833,0.5439839,0.581876863,35.73463607,624,0.097020675,0.048656978,0.848576937
17,F,0.909334143,4.628338889,8.433561675,64.52914342,0.197763346,0.371946906,1.804978776,0.243087553,0.558631434,0.522623346,10.16679072,166,0.123394446,0.053509863,0.802680384
17,G,0.930379111,9.960501404,8.322341725,474.0244829,0.220938575,0.394751855,3.885731872,0.36853679,0.804939806,0.797677113,17.81606722,312,0.114442502,0.05123892,1.191652732
17,H,3.491073706,10.38117067,54.25295189,568.5234644,0.205346978,0.379156101,1.893087752,0.235957302,0.610641644,0.564608876,6.426376581,123,0.128405656,0.044521457,0.864489588
18,A,2.392906613,10.1195609,45.08009971,507.9555718,0.175701214,0.357332739,2.892552297,0.238856092,0.755155655,0.414268645,37.62918353,670,0.094075713,0.051162178,0.893829294
18,B,2.812557987,10.04666001,82.38118234,635.667109,0.159255022,0.362602392,2.505368403,0.362135733,0.590927893,0.350736982,14.22857332,235,0.084229525,0.038165685,0.776758968
18,C,3.026033405,9.817859893,88.43738374,538.6444141,0.149281005,0.355074601,2.196587112,0.270129882,0.571291428,0.311906042,19.25933933,302,0.080177177,0.037440773,0.704719397
18,D,2.851059309,10.15437962,68.64698135,579.010083,0.157295841,0.374554882,4.036452626,0.371174037,0.666226543,0.293843016,31.34618258,520,0.083604631,0.032520949,0.81729535
18,E,2.28135832,9.742296806,38.0926777,596.9034628,0.142721932,0.371616651,2.027037857,0.218471903,0.528529055,0.254827654,25.78754449,425,0.062709964,0.030371955,0.626107073
18,F,3.047995173,9.992676739,74.81654108,889.1279428,0.163207398,0.351374522,2.223734577,0.362149246,0.6406346,0.366431176,16.86522269,254,0.093453971,0.046014799,0.822092801
18,G,2.395618794,10.06225117,48.27342128,548.2449442,0.174028023,0.366036995,3.473371798,0.291057879,0.657810268,0.487280748,30.30817819,515,0.094331034,0.045998099,0.868833451
18,H,2.706634685,10.13051675,66.47899961,571.3734673,0.158069298,0.34874054,2.529640649,0.361947047,0.506604316,0.340898413,20.75750208,334,0.097888648,0.042522309,0.709834718
19,A,0.798432692,6.196959951,8.968332625,124.263814,0.19257427,0.353232501,3.24041447,0.440247374,0.836175811,0.545679037,27.01007724,505,0.12057709,0.051950798,1.091225618
19,B,1.321238942,9.600747004,15.88554824,516.6298666,0.155684654,0.385047147,2.004151278,0.354125706,0.422906393,0.350234092,20.99203992,344,0.079406993,0.027784649,0.653390199
19,C,1.106110511,6.731924919,13.85568666,92.82793072,0.167200956,0.341275131,0.895359407,0.270177268,0.40787288,0.325473074,6.990962982,130,0.11097546,0.051224275,0.587612767
19,D,0.928417916,5.642134462,11.21677825,65.10317545,0.145835992,0.355996459,1.877125169,0.251298916,0.490259436,0.412305381,20.29256463,345,0.085905013,0.035344083,0.688114225
19,E,0.850775403,9.826328994,10.30629955,471.6516455,0.139721867,0.353616583,2.190872828,0.233445375,0.460459972,0.352639588,31.95518899,533,0.082568175,0.03545579,0.625199815
19,F,1.696422373,7.201019991,19.59626156,151.4071894,0.155126762,0.338598136,0.845941658,0.278333162,0.40573835,0.344245241,7.743067741,132,0.105703937,0.047865826,0.600497913
19,G,1.165426822,9.862738559,14.57822278,475.9380612,0.162857717,0.358724236,2.842030522,0.24211972,0.537201013,0.521568925,27.65626717,484,0.090052038,0.037212766,0.786918694
19,H,2.588707539,9.681077151,43.91168865,442.1862259,0.1564356,0.365633303,0.09130688,0.186650562,0.264337157,0.350858582,1.712474108,29,0.098771661,0.032059224,0.477298972
20,A,2.630172194,10.24225862,63.95209443,597.3419502,0.132317048,0.326184692,2.646337743,0.391933576,0.527414001,0.465056321,23.25705576,410,0.095306145,0.044035314,0.805018533
20,B,2.580534284,10.39727379,77.12918702,495.9716681,0.171085009,0.35302522,1.367417544,0.180330719,0.496017151,0.41053288,11.17558432,191,0.107132471,0.040723652,0.668647462
20,C,2.259332814,9.989744773,59.50500176,804.4783731,0.164449344,0.364623384,2.384854514,0.279838269,0.541360984,0.451722818,20.68454456,375,0.085013568,0.037380611,0.758574107
20,D,2.683211996,10.01107837,66.73588195,784.1306763,0.157829078,0.340865159,3.715824543,0.305055012,0.728813435,0.424667586,35.24744058,616,0.097998286,0.040198339,0.896978339
20,E,2.368308587,9.916688642,60.23661903,581.8445481,0.138187146,0.327268704,3.604356189,0.554215774,0.873366437,0.33235623,40.09531069,642,0.090579943,0.051413561,1.086455117
20,F,2.8174533,10.07527562,76.31752022,732.0543466,0.167809319,0.339777701,1.146445083,0.228757373,0.469059597,0.368770763,12.59752512,211,0.112528933,0.046101833,0.639013863
20,G,2.616055864,10.50494702,61.34472765,588.8635906,0.185114335,0.365391675,4.390953423,0.232115091,0.850387379,0.813632698,28.37547541,541,0.095661227,0.047712855,1.199597548
20,H,2.80147015,10.12058051,82.47954694,571.0523343,0.166332586,0.347584838,1.196850859,0.224752361,0.462392389,0.307261646,9.416139126,171,0.103991104,0.048724666,0.598940785
21,A,1.463714873,9.694083832,24.68735291,575.3375945,0.173986544,0.35127757,1.414056052,0.166813364,0.522949689,0.370889533,18.65043616,339,0.109446081,0.054116553,0.662466695
21,B,2.589460063,9.50041486,35.79317267,440.1956842,0.156106881,0.328935847,1.054044765,0.176079465,0.51994816,0.322330889,13.00300455,228,0.100854906,0.052457617,0.636590347
21,C,2.406011277,9.678538442,36.77896296,460.2005781,0.174386757,0.346401951,0.924089885,0.222170674,0.485424943,0.34924012,12.82163382,212,0.111072225,0.056284353,0.637938747
21,D,1.324000853,9.800757697,16.42870564,488.3441659,0.190425054,0.354762809,1.264125871,0.247874788,0.515928824,0.360902622,16.43004227,290,0.118367986,0.061555233,0.676664735
21,E,0.448455819,2.807864423,6.718611475,66.11855165,0.153632761,0.32211821,0.918661738,0.256493977,0.236526382,0.322442056,12.45265675,196,0.101777705,0.056640968,0.475081856
21,F,1.87256095,9.588761634,28.99954764,510.8531864,0.162970589,0.332531535,0.992599649,0.211426274,0.517929209,0.338023242,14.07216573,241,0.107591317,0.056543727,0.653614142
21,G,1.550462113,9.871695432,27.57217386,546.2995496,0.193315794,0.428656542,5.441797679,0.558815911,0.75734651,1.066123299,36.71461701,690,0.097637688,0.050920395,1.422134961
21,H,2.725059499,9.955129248,38.7197028,538.9845731,0.165997211,0.334352329,0.901001027,0.15991837,0.517855039,0.358437637,9.929291725,166,0.114535815,0.054215561,0.649788632
22,A,3.024939218,9.861055995,51.56026142,594.3047365,0.157769163,0.332969484,1.155560496,0.214477766,0.463296217,0.311824541,19.68970203,305,0.096617086,0.051630442,0.598229589
22,B,3.356246908,10.02071056,69.72173561,480.894269,0.16059127,0.347553073,0.727989323,0.220431247,0.469027163,0.295867905,6.126361847,99,0.103878378,0.045414727,0.596753074
22,C,2.62267766,9.804667925,61.32403748,541.5305584,0.182696908,0.356105644,1.300891865,0.296338628,0.511449032,0.384662928,16.09196687,271,0.112998948,0.055158937,0.705239153
22,D,2.892867776,9.724394805,69.00139224,492.7570124,0.17653753,0.339374101,0.501721297,0.096955997,0.234282435,0.302828272,3.485696316,47,0.125240416,0.055019802,0.394960361
22,E,2.624203821,9.739441479,41.20225623,514.6665949,0.167054329,0.351933225,1.381284098,0.220470173,0.484458399,0.307549116,22.40189862,354,0.100348158,0.050815475,0.614730426
22,F,3.00620326,9.921366842,77.43763183,514.7491274,0.156313689,0.337865971,1.0690197,0.234177515,0.525402696,0.321796745,8.143224478,117,0.100595313,0.044325469,0.659120814
22,G,1.977881883,9.750169632,30.91129989,455.8954092,0.16487536,0.349001829,0.839069151,0.151752719,0.50670634,0.301192058,18.94504976,311,0.099284807,0.059366385,0.608684531
22,H,3.106255327,10.08120074,61.8563176,515.1294262,0.164337348,0.354220572,0.779866787,0.179089278,0.517847257,0.283788487,6.911875248,107,0.100736045,0.054106878,0.61706941
23,A,1.943390274,10.05237082,42.61660471,556.8734595,0.169852852,0.357147181,2.463345685,0.280171947,0.486329979,0.354942034,28.70406604,476,0.104589793,0.049327877,0.664076062
23,B,1.906406775,10.02167536,39.63896723,520.316511,0.1875975,0.374829604,1.507159125,0.264515659,0.491786422,0.435890942,19.21019602,320,0.114467662,0.048883409,0.708394898
23,C,0.940212663,10.10662939,16.82746642,529.0638261,0.172584219,0.34686916,4.076275445,0.273575248,0.500241709,0.356227363,70.06580496,1173,0.109528492,0.051490029,0.672296897
23,D,1.504541996,9.928285302,23.64179281,514.0397296,0.174988214,0.354931209,5.474287707,0.326694396,0.633487188,0.389326363,58.17161465,920,0.106201724,0.057101104,0.812163938
23,E,1.433618571,9.676899475,24.21945235,452.7836831,0.177203946,0.356993978,0.993502851,0.213489872,0.485155482,0.347595381,27.18250823,457,0.116872478,0.052739189,0.633858278
23,F,1.374243574,9.921808757,22.23384362,494.4079238,0.19256241,0.367320206,2.692019495,0.342052412,0.521332225,0.568301071,22.30536342,370,0.112863132,0.050626466,0.843654698
23,G,1.708342263,10.23870084,25.07072349,518.9400055,0.181402218,0.362948761,5.067681563,0.288218716,0.631431515,0.506283173,43.43982959,756,0.110663551,0.054570899,0.859126556
23,H,1.853042108,10.35589808,36.97152834,491.6842418,0.176699001,0.360312473,1.874537973,0.263107546,0.558430284,0.327529999,14.00782394,219,0.106820362,0.047935764,0.698817475
24,A,2.852007781,10.1532641,62.86417479,891.5054056,0.1691072,0.363001515,2.903823197,0.354643,0.506562655,0.48880898,24.82510805,427,0.098780801,0.048816093,0.788233214
24,B,2.170492981,9.949757464,37.55352388,474.4898996,0.171778367,0.351381279,1.158668819,0.226040336,0.493873728,0.38742149,9.374322414,157,0.110696019,0.046939045,0.66715883
24,C,2.031731297,9.901368094,48.73323977,1097.398538,0.17099118,0.341668656,2.491248521,0.268303552,0.510503408,0.522599439,25.9631505,414,0.110272067,0.060941156,0.77827418
24,D,2.4920736,11.67634534,51.44364599,508.2030135,0.152789301,0.349248698,2.496805651,0.20636248,0.55450993,0.304741599,23.47849894,358,0.084804494,0.042888984,0.665533003
24,E,1.541406665,10.61540699,27.72854381,517.5410784,0.1586644,0.342582588,2.324751949,0.208484535,0.528290494,0.324606754,33.0224545,568,0.101984893,0.040642048,0.654160678
24,F,1.515849138,9.889746697,16.40124162,443.8123894,0.177397809,0.333539898,2.097419915,0.267587626,0.516916477,0.547890558,26.16446447,448,0.117764202,0.064223085,0.799368404
24,G,2.237115536,10.03477262,55.97403742,531.11461,0.174760529,0.35126108,3.231259767,0.339321098,0.545784764,0.604218285,26.63109136,446,0.111347813,0.060620048,0.882099514
24,H,2.501964021,9.829700028,59.7805443,826.6791641,0.180200157,0.356273014,2.275722105,0.309639256,0.506236381,0.502178261,10.83945751,186,0.112396637,0.056824013,0.777389701
25,A,1.95163614,10.07281748,31.07638322,493.7061191,0.17446285,0.346992908,2.02118499,0.237880819,0.556164777,0.375125998,40.33632517,672,0.106041289,0.057920325,0.71177669
25,B,3.186295235,9.907554452,57.48307046,475.6196697,0.163181087,0.342067323,1.266481652,0.227391544,0.474003042,0.375606902,11.48615122,182,0.107813306,0.055914388,0.646116354
25,C,2.084058629,10.13959262,33.02960621,443.2128299,0.174716568,0.34480785,1.727532587,0.254824123,0.492127985,0.430287263,18.10427308,303,0.108226073,0.063940725,0.701621277
25,D,2.924565257,10.05048955,53.9642506,504.4496001,0.168954696,0.347342887,2.078916613,0.196068288,0.558388618,0.354433558,19.10866284,311,0.106348808,0.04855973,0.689828797
25,E,1.768405726,9.696922639,25.37883987,613.3384081,0.171305603,0.350128345,1.630993137,0.239804407,0.487409682,0.369317815,25.51254869,413,0.103060078,0.055511312,0.656863761
25,F,2.259194181,9.875551642,32.24744855,442.3808123,0.1687277,0.338212725,0.805310698,0.223442556,0.476484287,0.374611584,11.24944019,167,0.112703473,0.05424222,0.645985828
25,G,1.985102928,9.995032232,31.92666183,475.7400876,0.165302008,0.340855622,1.665154126,0.238167816,0.53524852,0.393596759,31.48261428,483,0.105160947,0.059634362,0.705785587
25,H,2.887787093,10.00290676,89.00601152,615.4770339,0.165650495,0.342781621,0.88480709,0.220295877,0.483407302,0.38235595,6.41699338,99,0.112218025,0.046958647,0.654529575
26,A,1.545961594,10.02034006,23.76925634,519.0397317,0.208774084,0.423756347,9.498711314,0.49070614,0.900432388,1.126371186,58.10297656,935,0.092606932,0.04849404,1.523247534
26,B,1.253126882,9.73483064,20.42848824,644.9649675,0.179898408,0.341529056,1.215990415,0.24500727,0.489104356,0.381747123,24.70570302,451,0.114546202,0.071412909,0.667070086
26,C,2.286175154,9.956255441,41.56705186,480.3667363,0.16558122,0.332140828,0.867968624,0.216225595,0.472891794,0.382426985,20.10365224,312,0.106847082,0.062162491,0.645469253
26,D,2.547256365,9.734582059,58.62341631,546.6975563,0.159423117,0.34343086,1.928078047,0.267723647,0.482977328,0.375551954,28.763237,476,0.092515042,0.058675991,0.667819078
26,E,1.13186784,10.16919871,31.71909801,585.2294016,0.172467367,0.341793677,1.063286851,0.226997756,0.472114531,0.364885185,32.59589505,595,0.109780258,0.061401968,0.638405287
26,F,2.905012951,10.63173538,88.05367697,902.3638118,0.219492577,0.409779998,15.66081514,0.386477942,0.776474485,1.022135631,44.07831097,722,0.109423899,0.044863251,1.34053686
26,G,1.808598918,9.971781188,31.89494749,496.8577835,0.165494953,0.341388053,2.572930916,0.3142066,0.662515763,0.373273019,50.4257741,803,0.102970846,0.061650117,0.82279139
26,H,2.325505986,9.857146969,52.20357139,475.6586571,0.160210208,0.338005105,1.055979734,0.225019786,0.490036162,0.347553774,11.4770906,180,0.102240641,0.056265722,0.641531737
27,A,0.624979837,9.592576432,8.657615087,478.0137602,0.177003798,0.350726835,2.145500915,0.224565872,0.554307125,0.384451511,70.36456871,1185,0.109674214,0.051428513,0.710977626
27,B,2.358665819,9.806770445,46.649079,427.0460889,0.163111006,0.343371516,1.287361479,0.230947591,0.470352076,0.350879263,12.47139287,185,0.103580698,0.047277663,0.630622012
27,C,2.586815866,9.932032346,50.93484867,481.7481868,0.177184045,0.36635736,1.387856387,0.243518813,0.434127547,0.284910088,10.61375141,178,0.113866547,0.043587076,0.573534565
27,D,0.652934129,3.055257598,10.23472149,142.5913941,0.16961457,0.348154156,1.402586327,0.243575403,0.582328018,0.321689768,23.820997,447,0.106445562,0.050484023,0.708462564
27,E,0.627395906,9.644880051,8.574207956,537.1560992,0.157241222,0.330033013,1.816330127,0.230495428,0.601391506,0.368753092,37.34197927,608,0.098569407,0.055035143,0.742144682
27,F,1.597722153,10.30886227,33.53441382,499.9597163,0.174711645,0.356722677,2.622538552,0.337006704,0.537891521,0.65905188,17.44896793,279,0.105149103,0.054396599,0.915013764
27,G,1.005077118,9.767530753,13.320872,420.7621332,0.162068792,0.344844397,1.629051706,0.20246539,0.453694909,0.432229847,25.39903378,421,0.094327843,0.052674803,0.658524066
27,H,2.55342483,9.938164006,41.38089558,510.3479109,0.184435261,0.365790827,1.283660044,0.237010242,0.514492947,0.403946438,6.876994371,123,0.120245697,0.047782772,0.695736712
28,A,1.368169371,9.807758298,16.79325736,456.2055743,0.156462578,0.367460559,3.884484233,0.333316014,0.716333203,0.631577788,27.92267799,452,0.089548548,0.043799174,1.011495589
28,B,1.288116747,9.54185103,18.08618781,490.6178906,0.172890896,0.347171735,0.685264979,0.254372434,0.48804317,0.311927199,12.39904261,217,0.112722768,0.058449584,0.632605761
28,C,1.580208692,9.79024449,20.27675489,479.7506679,0.180869833,0.361032203,1.888761792,0.237470963,0.489976901,0.443773853,20.60992503,355,0.094854224,0.053299767,0.702427971
28,D,1.025381383,10.11323514,14.27613406,519.6811279,0.161298094,0.361915657,3.748937559,0.324362416,0.670278561,0.810943426,36.45358706,665,0.076959325,0.040776234,1.100960293
28,E,0.491978588,4.909223271,6.297488892,76.91348842,0.167627536,0.354193621,1.736999776,0.310184272,0.501750265,0.407234368,27.30863285,442,0.08958622,0.054429345,0.716803628
28,F,0.502513515,1.895992885,4.905635878,65.35441741,0.187298237,0.384735353,2.036362608,0.236908717,0.627797959,0.417848713,19.32348776,287,0.100424093,0.045555017,0.790476796
28,G,0.549479352,7.311442315,8.34802212,130.7036891,0.169461528,0.359583117,1.781117756,0.195696044,0.538440379,0.372313174,32.8939743,563,0.092723854,0.050820184,0.683251112
28,H,1.648288819,7.013312814,17.42843531,129.9712182,0.169831568,0.353423574,0.944015587,0.256494954,0.49167188,0.308920239,10.9511838,172,0.104531627,0.054874538,0.634793363
29,A,1.825605604,10.00081355,32.45654666,532.5478652,0.200662068,0.379175828,3.547919079,0.343950881,0.634362971,0.715720259,25.71583176,429,0.110163956,0.051658279,1.016353323
29,B,2.70522342,9.931572589,43.01004044,551.9580588,0.200393648,0.381752853,2.230501942,0.346579738,0.453602784,0.579278225,15.18845057,249,0.113799175,0.04828705,0.813287318
29,C,3.69536176,10.21963451,65.92897035,719.4201695,0.203538148,0.392237674,3.295727933,0.373950361,0.496981443,0.632881512,21.56709385,373,0.099720704,0.043523995,0.887337836
29,D,2.925959589,10.33784499,59.29831295,532.3047166,0.176146135,0.379419019,3.46782529,0.251713667,0.554618432,0.487719747,27.29152703,461,0.088971417,0.039017333,0.780276827
29,E,1.644408753,9.795957707,22.6607731,510.7508543,0.199781016,0.376168913,2.664638908,0.250628274,0.476706401,0.688520461,16.81622767,293,0.11099564,0.051893438,0.874141836
29,F,1.80323565,9.951173374,31.21209492,543.7955404,0.19243325,0.378389315,5.892867299,0.331134055,0.551836523,0.732370027,22.9307816,415,0.110488884,0.043875698,0.974955982
29,G,1.998494203,10.00943131,27.57179583,508.1933187,0.191611068,0.377488797,3.571763913,0.396756339,0.459253561,0.489904666,28.17514682,491,0.11034587,0.041775821,0.779958978
29,H,3.14901532,10.18586594,59.11869111,522.283305,0.207252529,0.39506359,2.317333625,0.371439078,0.455521695,0.613135039,12.1761148,208,0.111895945,0.041751229,0.849353624
30,A,1.281836679,9.887894433,21.28546512,1153.665784,0.171043576,0.354847919,2.707543529,0.227740077,0.640697007,0.39927716,22.87553239,401,0.10886561,0.054407775,0.788530562
30,D,0.399481623,1.59740392,2.00283911,62.94018595,0.191308586,0.357862827,3.027932892,0.264019687,0.844469587,0.472729434,26.12316847,452,0.11787893,0.056587547,1.003149239
30,E,0.679685741,10.18299575,8.625960252,390.080653,0.149429556,0.332573112,1.411707154,0.188373212,0.569916695,0.314928762,24.68522668,413,0.094530421,0.046966202,0.677841892
30,F,1.111195272,10.08931965,10.73661085,390.8916267,0.179755159,0.351223959,3.717837074,0.366221721,0.806827395,0.443873422,17.91522694,293,0.115782157,0.049172213,0.991015847
30,G,0.41338881,1.678287373,2.244007956,62.24849826,0.166512533,0.364357949,0.313401794,0.04524479,0.228181069,0.240759701,5.813527346,91,0.098592042,0.045341144,0.334781907
30,H,1.096877749,4.178079583,12.81507717,125.5643589,0.159290001,0.345108835,1.257615826,0.205102764,0.497637337,0.32539849,11.17486572,208,0.105229977,0.043145179,0.628962829
31,A,1.895102906,10.02217912,37.6444748,648.5246881,0.160415215,0.340827296,2.811092854,0.237738869,0.505049287,0.332223006,85.99805427,1308,0.092286632,0.05305988,0.649589622
31,B,2.3728552,9.890113277,47.91077862,542.730007,0.177723785,0.351260445,2.091927357,0.173854337,0.558112601,0.417468484,21.77449799,369,0.108601915,0.055128355,0.718327878
31,C,1.63970616,9.955081763,31.91394007,760.5797495,0.154384278,0.333516034,4.448723253,0.309386207,0.533306334,0.37619293,100.3445177,1589,0.097957521,0.052670925,0.722257982
31,D,1.338068737,9.831658714,20.98978036,627.6145453,0.144784443,0.322496047,4.933343893,0.164988294,0.517815533,0.320916018,109.3132014,1727,0.091362457,0.048340727,0.631142737
31,E,0.401330288,0.632276957,1.632731982,5.216222862,0.171525019,0.401343655,0.020951663,0.135071031,0.069428151,0.133517676,1.303611279,22,0.090438241,0.024227883,0.202216274
31,F,1.936415456,9.853924059,28.10120433,496.0893051,0.181400756,0.349661201,3.216330301,0.252813743,0.729688174,0.387146283,30.59066486,470,0.110060656,0.062435163,0.863852919
31,G,1.762970413,9.988238631,27.2834405,481.2428013,0.16367445,0.342232295,2.033450393,0.140113368,0.495103306,0.309411776,54.72638559,829,0.097381766,0.050954593,0.600412098
31,H,1.670041117,10.44001077,37.11231953,638.9211074,0.154377037,0.335202151,3.201310917,0.242453603,0.584454714,0.34874979,35.01435399,537,0.098231917,0.047573509,0.72249393
32,A,0.612344465,9.617847027,7.891446532,485.7421114,0.175184377,0.350196165,3.470569896,0.201495811,0.642802959,0.557899636,67.4741993,1067,0.108352753,0.051796201,0.874670344
32,B,0.973006811,9.640412921,13.33924062,447.0725125,0.179593181,0.347257727,2.489516451,0.216130592,0.737357968,0.560741837,28.89346409,556,0.109292079,0.059100898,0.951231104
32,C,1.726005509,9.818987898,22.05917871,498.0999485,0.183799226,0.356845146,3.858854795,0.346469211,0.753773582,0.575653626,22.43775749,365,0.104795478,0.058954202,1.009748793
32,D,1.90135308,9.568579392,25.59749921,830.9072373,0.166228056,0.409010769,7.193565,0.570406385,0.80006426,1.032404477,48.35976577,767,0.081966019,0.039766565,1.425245687
32,E,0.996600903,10.12184487,15.54405913,551.1597662,0.163815025,0.366574383,5.232222219,0.36319859,0.700747788,0.626849523,98.38511324,1751,0.086352681,0.040179206,1.007919145
32,F,2.621601013,10.16834901,46.62338036,770.4076225,0.166776005,0.36808144,6.025185491,0.413430041,0.896409897,0.988389702,35.91627407,564,0.095446677,0.047117412,1.396921367
32,G,1.000576094,3.850373473,11.25146167,97.54255084,0.181126413,0.361403236,2.968280924,0.225332294,0.640455644,0.564536117,25.91573501,419,0.103210213,0.0512237,0.88298307
32,H,2.063234414,9.678821184,25.64043235,454.524307,0.178758628,0.348209516,2.134546925,0.218452129,0.676192979,0.596161871,10.79511929,172,0.109120226,0.055603225,0.927559838
33,A,1.132055307,9.829980944,19.9266336,447.6717079,0.178570583,0.358983457,2.279721033,0.272313184,0.601051887,0.425973178,50.6856935,819,0.106041913,0.060462136,0.785411351
33,B,1.707056122,9.760673377,30.61395794,1053.377991,0.165272273,0.341019298,2.038365267,0.237152645,0.573647676,0.324407103,28.9358809,550,0.10089476,0.060779759,0.70039489
33,C,1.929379389,10.00670923,31.87007568,517.0749378,0.166352708,0.342277525,1.480226514,0.20732978,0.555907563,0.33940593,20.2182076,347,0.109576906,0.062115738,0.683531449
33,D,0.674385169,2.931143227,9.318018002,64.22877285,0.173072142,0.422207377,0.444276226,0.152925197,0.197059418,0.122578075,5.638709068,97,0.080559906,0.017776362,0.277927895
33,E,1.471421311,9.708864763,23.99665719,617.9439176,0.159937492,0.335526546,1.421673482,0.174353547,0.553936129,0.320706303,36.41964126,652,0.100070948,0.057842075,0.663398016
33,F,2.02992227,10.82926383,34.8419141,482.5991718,0.172048445,0.353166298,3.319252745,0.299870455,0.645828931,0.508330651,19.06610084,311,0.103384023,0.066613461,0.874881334
33,G,0.825533476,9.632080584,12.21191121,472.1103295,0.175567532,0.3636966,2.932217448,0.316249238,0.644257191,0.363588012,57.88065624,933,0.102321228,0.059393513,0.804535363
33,H,2.829880135,9.66556214,49.00694311,518.5193642,0.163259297,0.345260723,1.601668816,0.185966074,0.549841662,0.341753809,15.53560114,283,0.102399343,0.05471491,0.673576202
34,A,1.870599988,10.09394397,34.3691444,572.0591085,0.157075361,0.332380835,2.388404225,0.275668673,0.510536738,0.385262492,25.24211431,460,0.103366551,0.048534803,0.696468352
34,B,1.077089138,9.968605667,17.66757517,492.7549882,0.171652116,0.348611595,1.518481791,0.248532896,0.476018623,0.381007226,17.21895576,287,0.114513047,0.0498725,0.658429066
34,C,0.98448074,9.732363234,13.91775095,483.8920839,0.192793694,0.359023124,1.620552769,0.236869007,0.486034469,0.471445556,11.41820788,172,0.122260657,0.051006978,0.717354406
34,D,2.04686824,10.41411941,28.03613,491.2124669,0.16890492,0.356167719,4.062727334,0.331954472,0.566837069,0.540558201,19.08799148,333,0.107490696,0.046804381,0.850706297
34,E,0.95738794,10.05058857,13.59331691,502.4165681,0.179347429,0.363445137,3.04021052,0.275216306,0.497802745,0.442642986,33.02176785,519,0.112943626,0.045624599,0.720752663
34,F,0.647918608,3.341691648,5.532483791,68.73685799,0.1867473,0.362568177,2.09065281,0.268568109,0.487851108,0.539764244,13.06001997,199,0.117228517,0.048706549,0.775546886
34,G,1.149940357,7.545517592,12.82752301,122.658805,0.176041654,0.350202657,1.727056767,0.258875278,0.481630544,0.383756292,23.93240428,415,0.115695818,0.04694974,0.668021917
34,H,2.680404698,10.05009354,35.79370648,479.3849442,0.174767818,0.35911064,2.277023869,0.304313926,0.494021505,0.379246092,7.568018436,117,0.112982165,0.042940265,0.693175166
35,A,0.38769276,7.822277513,3.821725823,126.4441595,0.18790824,0.37402524,1.808038078,0.309923253,0.488357743,0.375070756,23.50707269,371,0.115208964,0.054133099,0.689364765
35,B,0.36375651,1.745496492,2.370036787,65.54355103,0.190246977,0.369063857,1.81359665,0.342965316,0.526820325,0.376334597,19.39260197,323,0.116195809,0.057851104,0.732661307
35,C,0.353903757,2.144818349,4.427266187,69.26620965,0.191533519,0.374406456,1.760623071,0.308605651,0.520324734,0.404326249,25.99662733,401,0.116263928,0.055941121,0.72763658
35,D,0.328738124,1.695334207,3.041275502,67.27279982,0.178739576,0.36291008,3.066167296,0.294955643,0.466838781,0.582059422,39.45704985,653,0.106520797,0.049664379,0.802328144
35,E,1.852052641,10.14723469,38.37049406,960.1662947,0.183947367,0.367393851,2.841669168,0.307698737,0.517698725,0.403795768,40.35395503,701,0.112608436,0.04401124,0.725080344
35,F,0.386510105,2.03692684,4.256624725,65.60371223,0.201152141,0.389657889,2.180315911,0.314106123,0.545202686,0.368964526,22.96839213,366,0.118431169,0.047910139,0.729413084
35,G,1.618836965,9.955727636,29.20712366,626.698882,0.126350686,0.330588024,4.051310559,0.308605823,0.540210564,0.547409313,56.36438441,1022,0.097144569,0.044788255,0.828686891
35,H,0.786366152,3.852513279,9.270436637,66.43850611,0.169913821,0.351848291,0.722057554,0.189107912,0.20085334,0.255762278,4.949819803,91,0.105462508,0.045581736,0.37618906
36,C,1.704459648,1.890385058,4.62993506,73.69454108,0.2061454,0.411624157,0.011767378,0.117620993,0.116532089,0.033781607,0.639270306,12,0.110191166,0.034027983,0.16898409
36,G,1.175592415,9.792033681,13.03305508,480.6451221,0.223249063,0.425111392,4.079757017,0.266149886,0.560357009,0.823135643,22.57828522,375,0.118011449,0.030155153,1.030722089
36,H,0.76050582,3.735614831,8.146808054,127.4615409,0.172975668,0.351643505,0.76791783,0.181690203,0.548288089,0.379101697,3.951111794,66,0.117280774,0.046195738,0.690904664
37,A,0.966704559,2.649692239,4.261335668,59.69320628,0.130075988,0.321948804,0.653104236,0.863013759,0.45405659,0.33936809,4.197404861,69,0.083829408,0.031344452,1.032536118
37,B,0.388202327,0.703974896,1.21456945,5.409431451,0.224140071,0.37330122,1.838547857,0.279268989,0.589130876,0.501275842,11.16543722,170,0.134331337,0.060508256,0.822401257
37,C,0.257902691,3.035802025,1.357227091,56.24601113,0.201097011,0.361683747,1.449658895,0.258347812,0.524033977,0.499443101,16.21824408,246,0.127474353,0.054866532,0.768634251
37,D,0.66421347,9.750197882,8.741739933,483.4287161,0.196226485,0.361178193,3.019128984,0.235363758,0.722251686,0.538639323,37.13882184,573,0.112641922,0.074577082,0.931222807
37,E,0.238093131,0.652121029,0.956087774,5.497234389,0.213985548,0.368634443,1.897582301,0.246673596,0.557978348,0.491439931,18.03621054,296,0.130377238,0.057502234,0.783390646
37,F,1.216470301,9.825269894,18.77483539,463.3004603,0.221200685,0.397115577,2.722497292,0.267045095,0.525949344,0.610918135,27.20474863,404,0.122415676,0.06288269,0.849209493
37,G,0.360421776,9.797246055,5.108830125,473.5502893,0.201205304,0.372465018,2.066891798,0.267057604,0.537721764,0.457599222,60.73508739,922,0.122442355,0.048705363,0.754891719
37,H,0.703591148,1.53584803,3.575705965,31.60947204,0.203793374,0.376675755,1.390310191,0.238545074,0.512940098,0.485310923,4.762635231,64,0.122929485,0.049072635,0.745344208
38,A,2.229162815,10.38984928,45.46023433,878.9746347,0.122583729,0.302190204,3.844522233,0.275605485,0.729475645,0.606320542,40.27239132,725,0.110978671,0.062739459,0.987784237
38,B,7.03130357,8.455343712,31.16636052,428.9963037,0.135025864,0.309059723,0.011247679,0.142623446,0.090838007,0.060952179,1.231979847,24,0.107138809,0.044284106,0.179744705
38,C,2.135976466,10.11215459,39.96632754,533.7974651,0.193869685,0.363749153,1.906601502,0.277952836,0.506933021,0.494641046,14.04061055,252,0.116019971,0.053539536,0.760860455
38,D,1.629436113,10.01125442,30.20838587,523.2201706,0.191536317,0.384395546,10.88202291,0.367342746,0.920479637,0.976934817,55.19956851,1041,0.106584327,0.052788182,1.391626778
38,E,1.447324782,10.3945078,23.94690695,528.233017,0.203798292,0.39051719,13.12248372,1.127475553,1.01108181,1.048061027,113.4913964,1936,0.104130851,0.058697566,1.841716445
38,F,1.255669798,10.46648294,22.42007062,510.5008329,0.201797607,0.370600079,11.53076348,0.45012027,0.911555803,0.908132707,81.17042041,1383,0.118586756,0.056098009,1.36317543
38,G,1.836477173,9.946680999,37.72310023,636.9942001,0.154095369,0.358005937,10.68049634,0.470483781,0.675850574,0.978940819,71.91505075,1172,0.103898576,0.058634339,1.279239662
38,H,2.542046051,10.03829086,53.79503862,798.7028916,0.202090573,0.364870622,2.631458877,0.333502312,0.503865535,0.591813742,16.86298656,312,0.112847919,0.070554763,0.845782344
39,A,1.372345643,10.23108879,21.31408851,494.6750525,0.156633082,0.362825622,3.76506687,0.271056242,0.676318959,0.582741867,26.94936609,417,0.095080272,0.05611894,0.932988159
39,B,2.194030292,10.28817939,42.4733504,533.4175787,0.169727709,0.338430244,1.203419396,0.190795013,0.539527782,0.362197566,16.38540626,262,0.106235167,0.064040829,0.677259212
39,C,1.496218048,10.14678796,21.10152477,408.3059772,0.170834938,0.344595333,1.139539607,0.1982102,0.501303219,0.333787581,16.06291556,264,0.108151853,0.056410613,0.634039707
39,D,1.115194081,9.377827744,14.19173869,457.4126391,0.197386321,0.371897013,2.782529991,0.202930407,0.591213015,0.495033937,25.87530446,427,0.110947988,0.060624036,0.797353232
39,E,2.233095803,10.14484905,43.05204575,739.6086629,0.162170523,0.340733453,1.583334365,0.195434785,0.519317745,0.342300611,27.1437366,407,0.096615357,0.05558358,0.651962716
39,F,0.925638219,8.297407939,9.33921729,280.7198392,0.105030329,0.339095061,3.070909348,0.206984749,0.64857039,0.693384752,21.59760523,321,0.105027408,0.078897346,0.971734867
39,G,1.815057578,9.774075658,27.14275304,506.0679319,0.170177223,0.346926318,2.252868872,0.186755121,0.530552742,0.355878748,32.94166327,420,0.10857036,0.064808178,0.665592496
39,H,3.189304565,10.16152556,51.74629927,448.7163782,0.173472053,0.347339824,1.403709707,0.190970998,0.506573611,0.359113707,17.51506996,242,0.109354015,0.055421095,0.649653292
40,A,2.087904179,9.707010546,46.32830776,888.9712552,0.180926811,0.362794929,3.729444307,0.278273722,0.756233019,0.629900167,32.98752356,486,0.104161392,0.062636801,1.022789746
40,B,1.92566747,9.82652915,31.52820825,612.2478523,0.17799773,0.343294483,1.230006823,0.238559049,0.470464289,0.34455876,23.36981606,380,0.114198118,0.063731364,0.630053812
40,C,2.801790889,9.907634206,47.17121118,512.3446993,0.180213695,0.356723918,1.355779416,0.274152798,0.517349691,0.375301464,16.44564509,239,0.116801627,0.049383126,0.69545787
40,D,1.969125342,10.25005797,35.75547376,569.587927,0.165046093,0.351347289,4.424386785,0.329596142,0.730554893,0.340327221,65.1793983,1006,0.101392951,0.047731159,0.870727676
40,E,1.343679622,9.63840139,19.46215777,461.6739704,0.175054148,0.364582955,2.176900144,0.255749079,0.661148106,0.325507242,56.15830636,768,0.106185255,0.05889044,0.780050879
40,F,2.09773418,10.04625821,30.24613953,517.8068654,0.17765783,0.346767641,1.240827708,0.253194107,0.508738437,0.40967861,12.60081768,220,0.117051099,0.051986209,0.700541659
40,G,2.456335553,9.993295263,51.18735631,815.2636073,0.170899978,0.34988169,2.352966197,0.231979854,0.561460231,0.439349378,36.43596745,645,0.103039534,0.06277047,0.749720028
40,H,2.29773869,10.14872782,48.77606282,870.0906478,0.169771587,0.333287351,1.248860158,0.258149938,0.470161564,0.37639076,14.98608875,244,0.118201549,0.059817587,0.655258186
